{
  "ACCOUNT": 0.9808013355592654,
  "CONTACT": 0.995,
  "DELIVERY": 1.0,
  "FEEDBACK": 1.0,
  "INVOICE": 0.8625,
  "ORDER": 0.9699248120300752,
  "PAYMENT": 0.9825,
  "REFUND": 0.9816360601001669,
  "SHIPPING": 0.9822335025380711
}